Empid,Name,NationalIDNumber,BirthDate,MaritalStatus,Gender,HireDate
1,Ken,295847284,1969-01-29,S,M,2009-01-14
2,Terri,245797967,1971-08-01,S,F,2008-01-31
3,Roberto,509647174,1974-11-12,M,M,2007-11-11
4,Rob,112457891,1974-12-23,S,M,2007-12-05
5,Gail,695256908,1952-09-27,M,F,2008-01-06
6,Jossef,998320692,1959-03-11,M,M,2008-01-24
7,Dylan,134969118,1987-02-24,M,M,2009-02-08
8,Diane,811994146,1986-06-05,S,F,2008-12-29
9,Gigi,658797903,1979-01-21,M,F,2009-01-16
10,Michael,879342154,1984-11-30,M,M,2009-05-03
11,Ovidiu,974026903,1978-01-17,S,M,2010-12-05
12,Thierry,480168528,1959-07-29,M,M,2007-12-11
13,Janice,486228782,1989-05-28,M,F,2010-12-23
14,Michael,42487730,1979-06-16,S,M,2010-12-30
15,Sharon,56920285,1961-05-02,M,F,2011-01-18
16,David,24756624,1975-03-19,S,M,2007-12-20
17,Kevin,253022876,1987-05-03,S,M,2007-01-26
18,John,222969461,1978-03-06,S,M,2011-02-07
19,Mary,52541318,1978-01-29,S,F,2011-02-14
20,Wanida,323403273,1975-03-17,M,F,2011-01-07
21,Terry,243322160,1986-02-04,M,M,2009-03-02
22,Sariya,95958330,1987-05-21,S,M,2008-12-12
23,Mary,767955365,1962-09-13,M,F,2009-01-12
24,Jill,72636981,1979-06-18,M,F,2009-01-18
25,James,519899904,1983-01-07,S,M,2009-02-03
26,Peter,277173473,1982-11-03,M,M,2008-12-01
27,Jo,446466105,1956-10-08,S,F,2008-02-27
28,Guy,14417807,1988-03-13,M,M,2006-06-30
29,Mark,948320468,1979-09-25,S,M,2009-01-23
30,Britta,410742000,1989-09-28,M,F,2009-01-29
31,Margie,750246141,1986-05-20,M,F,2009-01-04
32,Rebecca,330211482,1977-07-10,M,F,2008-12-29
33,Annik,801758002,1976-12-26,M,M,2008-12-17
34,Suchitra,754372876,1987-06-10,M,F,2009-02-16
35,Brandon,999440576,1977-01-10,M,M,2009-02-08
36,Jose,788456780,1984-07-31,M,M,2009-02-10
37,Chris,442121106,1986-08-07,S,M,2009-03-07
38,Kim,6298838,1966-12-14,M,F,2010-01-16
39,Ed,461786517,1971-09-11,S,M,2010-02-05
40,JoLynn,309738752,1956-01-16,S,F,2007-12-26
41,Bryan,458159238,1973-08-27,S,M,2009-01-21
42,James,339712426,1984-07-25,M,M,2008-12-27
43,Nancy,693325305,1988-11-19,M,F,2009-01-02
44,Simon,276751903,1990-05-17,S,M,2008-12-08
45,Thomas,500412746,1986-01-10,M,M,2009-02-26
46,Eugene,66073987,1976-02-10,S,M,2009-02-08
47,Andrew,33237992,1988-09-06,S,M,2009-02-22
48,Ruth,690627818,1956-06-04,M,F,2008-01-06
49,Barry,912265825,1956-03-26,S,M,2008-01-07
50,Sidney,844973625,1956-08-30,M,M,2008-02-02
51,Jeffrey,132674823,1956-07-11,S,M,2008-02-20
52,Doris,565090917,1956-04-04,M,F,2008-03-10
53,Diane,9659517,1956-03-29,M,F,2008-03-28
54,Bonnie,109272464,1986-09-10,M,F,2010-01-01
55,Taylor,233069302,1956-04-01,M,M,2008-02-08
56,Denise,652535724,1988-07-06,M,F,2009-02-05
57,Frank,10708100,1971-07-24,S,M,2009-02-23
58,Kendall,571658797,1986-05-30,M,M,2008-12-05
59,Bob,843479922,1979-08-16,S,M,2008-12-24
60,Pete,827686041,1977-02-03,S,M,2009-01-11
61,Diane,92096924,1989-08-09,S,F,2009-01-18
62,John,494170342,1956-08-07,M,M,2008-03-17
63,Maciej,414476027,1955-01-30,S,M,2010-01-29
64,Michael,582347317,1973-09-05,S,M,2010-02-23
65,Randy,8066363,1970-04-28,M,M,2010-02-23
66,Karan,834186596,1970-03-07,S,M,2009-12-22
67,Jay,63179277,1976-02-11,S,M,2009-03-05
68,Charles,537092325,1971-09-02,S,M,2009-12-03
69,Steve,752513276,1991-04-06,S,M,2009-02-15
70,David,36151748,1984-12-29,M,M,2008-12-15
71,Michael,578935259,1989-01-29,S,M,2009-02-15
72,Steven,443968955,1977-05-14,M,M,2008-12-01
73,Carole,138280935,1983-10-19,M,F,2008-12-19
74,Bjorn,420023788,1989-11-06,S,M,2009-01-07
75,Michiko,363996959,1982-06-27,S,M,2009-01-26
76,Carol,227319668,1988-10-17,M,F,2009-02-12
77,Merav,301435199,1983-05-13,M,F,2009-03-03
78,Reuben,370989364,1987-08-27,M,M,2008-12-15
79,Eric,697712387,1966-12-08,M,M,2010-01-24
80,Sandeep,943170460,1970-12-03,S,M,2010-01-17
81,Mihail,413787783,1971-03-09,S,M,2009-12-29
82,Jack,58791499,1973-08-29,S,M,2010-03-03
83,Patrick,988315686,1973-12-23,M,M,2010-02-12
84,Frank,947029962,1952-03-02,M,M,2010-02-05
85,Brian,1662732,1970-12-23,S,M,2009-12-11
86,Ryan,769680433,1972-06-13,M,M,2009-01-05
87,Cristian,7201901,1984-04-11,M,M,2008-12-22
88,Betsy,294148271,1966-12-17,S,F,2009-12-18
89,Patrick,90888098,1986-09-10,S,M,2010-02-01
90,Danielle,82638150,1986-09-07,S,F,2010-02-20
91,Kimberly,390124815,1986-09-13,S,F,2010-01-12
92,Tom,826454897,1986-10-01,M,M,2010-03-10
93,Kok-Ho,778552911,1980-04-28,S,M,2008-12-27
94,Russell,718299860,1972-11-25,M,M,2008-12-12
95,Jim,674171828,1986-09-08,M,M,2008-12-19
96,Elizabeth,912141525,1990-01-25,M,F,2009-03-02
97,Mandar,370581729,1986-03-21,S,M,2009-02-10
98,Sameer,152085091,1978-06-26,M,M,2009-02-11
99,Nuan,431859843,1979-03-29,S,M,2009-01-06
100,Lolan,204035155,1973-01-24,M,M,2009-01-12
101,Houman,153288994,1971-08-30,M,M,2009-01-25
102,Zheng,360868122,1983-10-26,S,M,2008-12-03
103,Ebru,455563743,1986-09-22,S,M,2009-12-06
104,Mary,717889520,1986-09-19,M,F,2009-12-25
105,Kevin,801365500,1986-09-19,S,M,2009-12-25
106,John,561196580,1986-09-28,S,M,2010-02-27
107,Christopher,393421437,1986-10-01,M,M,2010-02-08
108,Jinghao,630184120,1989-02-05,S,M,2008-12-08
109,Alice,113695504,1978-01-26,M,F,2008-12-07
110,Jun,857651804,1979-07-06,S,M,2008-12-14
111,Suroor,415823523,1978-02-25,S,M,2008-12-17
112,John,981597097,1978-05-31,S,M,2009-01-01
113,Linda,54759846,1987-07-17,M,F,2008-12-25
114,Mindaugas,342607223,1978-05-07,M,M,2009-01-13
115,Angela,563680513,1991-05-31,S,F,2009-01-20
116,Michael,398737566,1974-05-03,S,M,2009-01-31
117,Chad,599942664,1990-08-04,M,M,2009-02-18
118,Don,222400012,1971-06-13,M,M,2009-02-13
119,Michael,334834274,1989-06-15,S,M,2009-02-25
120,Kitti,211789056,1987-06-06,S,F,2009-03-04
121,Pilar,521265716,1972-09-09,S,M,2009-01-02
122,Susan,586486572,1978-02-17,S,F,2008-12-07
123,Vamsi,337752649,1977-03-18,M,M,2008-12-07
124,Kim,420776180,1984-04-30,S,F,2008-12-26
125,Matthias,584205124,1973-11-11,M,M,2009-01-20
126,Jimmy,652779496,1985-05-04,M,M,2009-02-26
127,David,750905084,1983-07-02,S,M,2009-01-03
128,Paul,384162788,1980-11-13,S,M,2008-12-04
129,Gary,502058701,1988-05-16,S,M,2008-12-22
130,Rob,578953538,1973-08-04,S,M,2009-02-13
131,Baris,273260055,1990-10-07,S,M,2009-02-15
132,Nicole,1300049,1986-04-09,M,F,2009-02-22
133,Michael,830150469,1991-01-04,S,M,2009-01-10
134,Eric,45615666,1985-01-19,M,M,2009-01-14
135,Ivo,964089218,1982-01-03,M,M,2008-12-04
136,Sylvester,701156975,1970-11-12,M,M,2009-12-11
137,Anibal,63761469,1974-09-05,S,F,2009-02-23
138,Samantha,25011600,1987-11-22,M,F,2009-02-04
139,Hung-Fu,113393530,1971-10-23,S,M,2010-01-06
140,Prasanna,339233463,1953-04-30,M,M,2010-01-22
141,Min,872923042,1974-09-10,M,M,2010-01-24
142,Olinda,163347032,1970-04-04,S,F,2010-03-04
143,Krishna,56772045,1971-09-05,S,M,2010-02-13
144,Paul,886023130,1990-11-04,M,M,2009-01-17
145,Cynthia,386315192,1981-08-18,S,F,2009-01-27
146,Jian Shuo,160739235,1989-06-25,S,M,2008-12-07
147,Sandra,604664374,1975-11-05,M,F,2008-12-26
148,Jason,733022683,1988-12-07,S,M,2009-01-14
149,Andy,764853868,1983-10-20,M,M,2009-01-31
150,Michael,878395493,1982-09-18,M,M,2009-02-26
151,Rostislav,993310268,1977-09-13,M,M,2009-02-19
152,Yuhong,319472946,1977-04-06,M,M,2009-02-01
153,Hanying,568596888,1974-10-16,S,M,2008-12-16
154,Raymond,97728960,1967-03-02,M,M,2008-12-23
155,Fadi,212801092,1989-02-15,S,M,2009-01-04
156,Lane,322160340,1974-09-23,M,M,2009-01-11
157,Linda,812797414,1977-10-05,S,F,2009-02-03
158,Shelley,300946911,1986-12-08,S,F,2009-03-07
159,Terrence,404159499,1984-12-08,S,M,2009-02-16
160,Jeff,712885347,1977-01-15,M,M,2009-01-21
161,Kirk,275962311,1985-02-06,S,M,2008-12-15
162,Laura,514829225,1980-12-25,S,F,2009-01-03
163,Alex,377784364,1990-04-13,M,M,2009-02-08
164,Andrew,65848458,1988-09-24,S,M,2009-03-06
165,Chris,539490372,1988-12-16,M,M,2009-01-22
166,Jack,60114406,1983-06-22,S,M,2009-02-21
167,David,498138869,1979-11-02,S,M,2008-12-02
168,Garrett,271438431,1984-08-25,S,M,2008-12-07
169,Susan,351069889,1983-04-02,S,F,2008-12-14
170,George,476115505,1977-04-16,M,M,2008-12-21
171,David,746373306,1981-08-03,S,M,2009-01-02
172,Marc,364818297,1986-10-24,M,M,2009-01-16
173,Eugene,87268837,1987-07-15,S,M,2009-01-21
174,Benjamin,585408256,1986-01-05,S,M,2009-01-27
175,Reed,259388196,1989-01-08,M,M,2009-02-02
176,David,860123571,1985-09-23,M,M,2009-02-14
177,Russell,551346974,1982-02-11,M,M,2009-02-21
178,John,568626529,1982-03-24,S,M,2009-03-03
179,Jan,587567941,1974-11-15,S,M,2009-03-05
180,Katie,862951447,1984-11-18,S,F,2009-02-20
181,Michael,545337468,1984-11-17,S,M,2008-12-09
182,Nitin,368920189,1986-12-01,S,M,2008-12-28
183,Barbara,969985265,1979-07-02,M,F,2009-01-22
184,John,305522471,1986-04-05,M,M,2009-02-09
185,Stefen,621932914,1975-12-21,S,M,2009-02-28
186,Shane,551834634,1990-05-24,S,M,2009-02-08
187,Yvonne,713403643,1989-04-15,M,F,2008-12-09
188,Douglas,435234965,1985-11-24,M,M,2008-12-27
189,Janeth,187369436,1972-07-24,S,F,2009-01-15
190,Robert,456839592,1985-02-28,S,M,2009-02-02
191,Lionel,399658727,1988-03-14,S,M,2009-02-26
192,Brenda,634335025,1983-02-28,M,F,2009-03-05
193,Alejandro,761597760,1988-12-05,S,M,2008-12-06
194,Fred,295971920,1989-06-25,S,M,2008-12-12
195,Kevin,918737118,1985-12-25,S,M,2008-12-17
196,Shammi,370487086,1980-10-04,M,M,2008-12-24
197,Rajesh,632092621,1977-10-04,M,M,2008-12-31
198,Lorraine,19312190,1988-11-26,M,F,2009-01-04
199,Paula,992874797,1987-02-10,M,F,2009-01-12
200,Frank,749211824,1987-09-06,M,M,2009-01-17
201,Brian,746201340,1977-02-10,S,M,2009-01-29
202,Tawana,436757988,1989-11-10,S,M,2009-02-05
203,Ken,693168613,1981-05-28,M,M,2009-02-24
204,Gabe,440379437,1988-05-10,M,M,2009-03-08
205,Lori,332349500,1980-07-18,S,F,2009-02-26
206,Stuart,835460180,1962-09-13,S,M,2008-12-02
207,Greg,687685941,1970-10-18,S,M,2008-12-02
208,Scott,199546871,1987-02-10,M,M,2009-01-08
209,Kathie,167554340,1990-11-01,M,F,2009-01-27
210,Belinda,20244403,1969-09-17,S,F,2009-02-20
211,Hazem,398223854,1977-10-26,S,M,2009-02-28
212,Peng,885055826,1976-03-18,M,M,2008-12-09
213,Sootha,343861179,1966-12-05,M,M,2010-02-23
214,Andreas,131471224,1989-03-28,M,M,2009-02-02
215,Mark,381772114,1986-04-30,S,M,2009-01-15
216,Sean,403414852,1976-03-06,S,M,2008-12-28
217,Zainal,345106466,1976-01-30,M,M,2009-01-04
218,Tengiz,540688287,1990-04-28,S,M,2008-12-16
219,Sean,242381745,1987-03-12,S,M,2009-01-22
220,Karen,260770918,1975-12-25,M,F,2009-02-09
221,Chris,260805477,1987-05-26,M,M,2009-03-06
222,A. Scott,685233686,1968-09-17,S,M,2008-12-12
223,Sairaj,981495526,1987-12-22,M,M,2009-01-26
224,William,621209647,1981-11-06,M,M,2009-01-07
225,Alan,470689086,1984-03-29,M,M,2009-02-13
226,Brian,368691270,1984-08-11,M,M,2009-03-03
227,Gary,141165819,1971-02-18,M,M,2009-12-02
228,Christian,553069203,1976-01-18,M,M,2008-12-14
229,Lori,879334904,1970-07-31,M,F,2010-02-16
230,Stuart,28414965,1971-12-17,M,M,2010-03-05
231,Jo,153479919,1954-04-24,M,F,2010-03-07
232,Pat,646304055,1970-12-03,S,M,2010-01-27
233,Magnus,552560652,1971-08-27,M,M,2009-12-21
234,Laura,184188301,1976-01-06,M,F,2009-01-31
235,Paula,535145551,1976-02-11,M,F,2008-12-06
236,Grant,476980013,1976-04-16,S,M,2009-02-25
237,Hao,416679555,1977-04-17,S,M,2009-02-06
238,Vidur,264306399,1984-08-01,S,M,2009-01-01
239,Mindy,619308550,1984-11-20,M,F,2008-12-25
240,Willis,332040978,1978-07-18,S,M,2008-12-13
241,David,30845,1983-07-08,M,M,2009-01-30
242,Deborah,363923697,1976-03-06,M,F,2008-12-18
243,Candy,60517918,1976-02-23,S,F,2009-01-06
244,Bryan,931190412,1984-09-20,S,M,2009-01-24
245,Barbara,363910111,1976-01-04,M,F,2009-02-18
246,Dragan,663843431,1977-02-14,M,M,2009-02-11
247,Janet,519756660,1979-03-09,M,F,2009-03-01
248,Mike,480951955,1979-07-01,S,M,2009-03-08
249,Wendy,121491555,1984-10-11,S,F,2008-12-25
250,Sheela,895209680,1978-02-10,S,F,2011-02-25
251,Mikael,603686790,1984-08-17,S,M,2009-02-10
252,Arvind,792847334,1974-08-21,M,M,2009-02-28
253,Linda,407505660,1970-11-30,M,F,2009-12-17
254,Fukiko,482810518,1970-11-24,M,M,2010-01-04
255,Gordon,466142721,1966-11-29,M,M,2010-01-11
256,Frank,367453993,1952-05-12,M,M,2010-01-23
257,Eric,381073001,1972-09-17,S,M,2010-01-27
258,Erin,785853949,1971-01-04,S,F,2010-01-31
259,Ben,20269531,1973-06-03,M,M,2010-03-09
260,Annette,437296311,1978-01-29,M,F,2010-12-06
261,Reinout,280633567,1978-01-17,M,M,2010-12-25
262,David,231203233,1964-06-21,S,M,2009-01-12
263,Jean,441044382,1975-12-13,S,F,2008-12-11
264,Stephanie,858323870,1984-03-25,S,F,2009-02-04
265,Ashvini,749389530,1977-03-27,S,M,2008-12-04
266,Peter,672243793,1980-05-28,S,M,2009-02-23
267,Karen,58317344,1978-05-19,S,F,2009-02-16
268,Ramesh,314747499,1988-03-13,S,M,2009-02-03
269,Dan,671089628,1987-05-26,M,M,2009-01-11
270,François,643805155,1975-05-17,S,M,2009-01-17
271,Dan,929666391,1976-01-06,M,M,2009-01-22
272,Janaina,525932996,1985-01-30,M,F,2008-12-23
273,Brian,112432117,1977-06-06,S,M,2011-02-15
274,Stephen,502097814,1951-10-17,M,M,2011-01-04
275,Michael,841560125,1968-12-25,S,M,2011-05-31
276,Linda,191644724,1980-02-27,M,F,2011-05-31
277,Jillian,615389812,1962-08-29,S,F,2011-05-31
278,Garrett,234474252,1975-02-04,M,M,2011-05-31
279,Tsvi,716374314,1974-01-18,M,M,2011-05-31
280,Pamela,61161660,1974-12-06,S,F,2011-05-31
281,Shu,139397894,1968-03-09,M,M,2011-05-31
282,José,399771412,1963-12-11,M,M,2011-05-31
283,David,987554265,1974-02-11,S,M,2011-05-31
284,Tete,90836195,1978-01-05,M,M,2012-09-30
285,Syed,481044938,1975-01-11,M,M,2013-03-14
286,Lynn,758596752,1977-02-14,S,F,2013-05-30
287,Amy,982310417,1957-09-20,M,F,2012-04-16
288,Rachel,954276278,1975-07-09,S,F,2013-05-30
289,Jae,668991357,1968-03-17,M,F,2012-05-30
290,Ranjit,134219713,1975-09-30,S,M,2012-05-30
