{"module": "keras", "class_name": "Sequential", "config": {"name": "sequential", "trainable": true, "dtype": {"module": "keras", "class_name": "DTypePolicy", "config": {"name": "float32"}, "registered_name": null}, "layers": [{"module": "keras.layers", "class_name": "InputLayer", "config": {"batch_shape": [null, 28, 28, 1], "dtype": "float32", "sparse": false, "ragged": false, "name": "input_layer"}, "registered_name": null}, {"module": "keras.layers", "class_name": "Conv2D", "config": {"name": "conv2d", "trainable": true, "dtype": {"module": "keras", "class_name": "DTypePolicy", "config": {"name": "float32"}, "registered_name": null}, "filters": 64, "kernel_size": [3, 3], "strides": [1, 1], "padding": "valid", "data_format": "channels_last", "dilation_rate": [1, 1], "groups": 1, "activation": "linear", "use_bias": true, "kernel_initializer": {"module": "keras.initializers", "class_name": "GlorotUniform", "config": {"seed": null}, "registered_name": null}, "bias_initializer": {"module": "keras.initializers", "class_name": "Zeros", "config": {}, "registered_name": null}, "kernel_regularizer": null, "bias_regularizer": null, "activity_regularizer": null, "kernel_constraint": null, "bias_constraint": null}, "registered_name": null, "build_config": {"input_shape": [null, 28, 28, 1]}}, {"module": "keras.layers", "class_name": "BatchNormalization", "config": {"name": "batch_normalization", "trainable": true, "dtype": {"module": "keras", "class_name": "DTypePolicy", "config": {"name": "float32"}, "registered_name": null}, "axis": -1, "momentum": 0.99, "epsilon": 0.001, "center": true, "scale": true, "beta_initializer": {"module": "keras.initializers", "class_name": "Zeros", "config": {}, "registered_name": null}, "gamma_initializer": {"module": "keras.initializers", "class_name": "Ones", "config": {}, "registered_name": null}, "moving_mean_initializer": {"module": "keras.initializers", "class_name": "Zeros", "config": {}, "registered_name": null}, "moving_variance_initializer": {"module": "keras.initializers", "class_name": "Ones", "config": {}, "registered_name": null}, "beta_regularizer": null, "gamma_regularizer": null, "beta_constraint": null, "gamma_constraint": null, "synchronized": false}, "registered_name": null, "build_config": {"input_shape": [null, 26, 26, 64]}}, {"module": "keras.layers", "class_name": "Activation", "config": {"name": "activation", "trainable": true, "dtype": {"module": "keras", "class_name": "DTypePolicy", "config": {"name": "float32"}, "registered_name": null}, "activation": "relu"}, "registered_name": null}, {"module": "keras.layers", "class_name": "MaxPooling2D", "config": {"name": "max_pooling2d", "trainable": true, "dtype": {"module": "keras", "class_name": "DTypePolicy", "config": {"name": "float32"}, "registered_name": null}, "pool_size": [2, 2], "padding": "valid", "strides": [2, 2], "data_format": "channels_last"}, "registered_name": null}, {"module": "keras.layers", "class_name": "Conv2D", "config": {"name": "conv2d_1", "trainable": true, "dtype": {"module": "keras", "class_name": "DTypePolicy", "config": {"name": "float32"}, "registered_name": null}, "filters": 64, "kernel_size": [3, 3], "strides": [1, 1], "padding": "valid", "data_format": "channels_last", "dilation_rate": [1, 1], "groups": 1, "activation": "linear", "use_bias": true, "kernel_initializer": {"module": "keras.initializers", "class_name": "GlorotUniform", "config": {"seed": null}, "registered_name": null}, "bias_initializer": {"module": "keras.initializers", "class_name": "Zeros", "config": {}, "registered_name": null}, "kernel_regularizer": null, "bias_regularizer": null, "activity_regularizer": null, "kernel_constraint": null, "bias_constraint": null}, "registered_name": null, "build_config": {"input_shape": [null, 13, 13, 64]}}, {"module": "keras.layers", "class_name": "BatchNormalization", "config": {"name": "batch_normalization_1", "trainable": true, "dtype": {"module": "keras", "class_name": "DTypePolicy", "config": {"name": "float32"}, "registered_name": null}, "axis": -1, "momentum": 0.99, "epsilon": 0.001, "center": true, "scale": true, "beta_initializer": {"module": "keras.initializers", "class_name": "Zeros", "config": {}, "registered_name": null}, "gamma_initializer": {"module": "keras.initializers", "class_name": "Ones", "config": {}, "registered_name": null}, "moving_mean_initializer": {"module": "keras.initializers", "class_name": "Zeros", "config": {}, "registered_name": null}, "moving_variance_initializer": {"module": "keras.initializers", "class_name": "Ones", "config": {}, "registered_name": null}, "beta_regularizer": null, "gamma_regularizer": null, "beta_constraint": null, "gamma_constraint": null, "synchronized": false}, "registered_name": null, "build_config": {"input_shape": [null, 11, 11, 64]}}, {"module": "keras.layers", "class_name": "Activation", "config": {"name": "activation_1", "trainable": true, "dtype": {"module": "keras", "class_name": "DTypePolicy", "config": {"name": "float32"}, "registered_name": null}, "activation": "relu"}, "registered_name": null}, {"module": "keras.layers", "class_name": "MaxPooling2D", "config": {"name": "max_pooling2d_1", "trainable": true, "dtype": {"module": "keras", "class_name": "DTypePolicy", "config": {"name": "float32"}, "registered_name": null}, "pool_size": [2, 2], "padding": "valid", "strides": [2, 2], "data_format": "channels_last"}, "registered_name": null}, {"module": "keras.layers", "class_name": "Conv2D", "config": {"name": "conv2d_2", "trainable": true, "dtype": {"module": "keras", "class_name": "DTypePolicy", "config": {"name": "float32"}, "registered_name": null}, "filters": 64, "kernel_size": [3, 3], "strides": [1, 1], "padding": "valid", "data_format": "channels_last", "dilation_rate": [1, 1], "groups": 1, "activation": "linear", "use_bias": true, "kernel_initializer": {"module": "keras.initializers", "class_name": "GlorotUniform", "config": {"seed": null}, "registered_name": null}, "bias_initializer": {"module": "keras.initializers", "class_name": "Zeros", "config": {}, "registered_name": null}, "kernel_regularizer": null, "bias_regularizer": null, "activity_regularizer": null, "kernel_constraint": null, "bias_constraint": null}, "registered_name": null, "build_config": {"input_shape": [null, 5, 5, 64]}}, {"module": "keras.layers", "class_name": "BatchNormalization", "config": {"name": "batch_normalization_2", "trainable": true, "dtype": {"module": "keras", "class_name": "DTypePolicy", "config": {"name": "float32"}, "registered_name": null}, "axis": -1, "momentum": 0.99, "epsilon": 0.001, "center": true, "scale": true, "beta_initializer": {"module": "keras.initializers", "class_name": "Zeros", "config": {}, "registered_name": null}, "gamma_initializer": {"module": "keras.initializers", "class_name": "Ones", "config": {}, "registered_name": null}, "moving_mean_initializer": {"module": "keras.initializers", "class_name": "Zeros", "config": {}, "registered_name": null}, "moving_variance_initializer": {"module": "keras.initializers", "class_name": "Ones", "config": {}, "registered_name": null}, "beta_regularizer": null, "gamma_regularizer": null, "beta_constraint": null, "gamma_constraint": null, "synchronized": false}, "registered_name": null, "build_config": {"input_shape": [null, 3, 3, 64]}}, {"module": "keras.layers", "class_name": "Activation", "config": {"name": "activation_2", "trainable": true, "dtype": {"module": "keras", "class_name": "DTypePolicy", "config": {"name": "float32"}, "registered_name": null}, "activation": "relu"}, "registered_name": null}, {"module": "keras.layers", "class_name": "MaxPooling2D", "config": {"name": "max_pooling2d_2", "trainable": true, "dtype": {"module": "keras", "class_name": "DTypePolicy", "config": {"name": "float32"}, "registered_name": null}, "pool_size": [2, 2], "padding": "valid", "strides": [2, 2], "data_format": "channels_last"}, "registered_name": null}, {"module": "keras.layers", "class_name": "Flatten", "config": {"name": "flatten", "trainable": true, "dtype": {"module": "keras", "class_name": "DTypePolicy", "config": {"name": "float32"}, "registered_name": null}, "data_format": "channels_last"}, "registered_name": null, "build_config": {"input_shape": [null, 1, 1, 64]}}, {"module": "keras.layers", "class_name": "Dense", "config": {"name": "dense", "trainable": true, "dtype": {"module": "keras", "class_name": "DTypePolicy", "config": {"name": "float32"}, "registered_name": null}, "units": 512, "activation": "linear", "use_bias": true, "kernel_initializer": {"module": "keras.initializers", "class_name": "GlorotUniform", "config": {"seed": null}, "registered_name": null}, "bias_initializer": {"module": "keras.initializers", "class_name": "Zeros", "config": {}, "registered_name": null}, "kernel_regularizer": null, "bias_regularizer": null, "kernel_constraint": null, "bias_constraint": null}, "registered_name": null, "build_config": {"input_shape": [null, 64]}}, {"module": "keras.layers", "class_name": "BatchNormalization", "config": {"name": "batch_normalization_3", "trainable": true, "dtype": {"module": "keras", "class_name": "DTypePolicy", "config": {"name": "float32"}, "registered_name": null}, "axis": -1, "momentum": 0.99, "epsilon": 0.001, "center": true, "scale": true, "beta_initializer": {"module": "keras.initializers", "class_name": "Zeros", "config": {}, "registered_name": null}, "gamma_initializer": {"module": "keras.initializers", "class_name": "Ones", "config": {}, "registered_name": null}, "moving_mean_initializer": {"module": "keras.initializers", "class_name": "Zeros", "config": {}, "registered_name": null}, "moving_variance_initializer": {"module": "keras.initializers", "class_name": "Ones", "config": {}, "registered_name": null}, "beta_regularizer": null, "gamma_regularizer": null, "beta_constraint": null, "gamma_constraint": null, "synchronized": false}, "registered_name": null, "build_config": {"input_shape": [null, 512]}}, {"module": "keras.layers", "class_name": "Activation", "config": {"name": "activation_3", "trainable": true, "dtype": {"module": "keras", "class_name": "DTypePolicy", "config": {"name": "float32"}, "registered_name": null}, "activation": "relu"}, "registered_name": null}, {"module": "keras.layers", "class_name": "Dropout", "config": {"name": "dropout", "trainable": true, "dtype": {"module": "keras", "class_name": "DTypePolicy", "config": {"name": "float32"}, "registered_name": null}, "rate": 0.2, "seed": null, "noise_shape": null}, "registered_name": null}, {"module": "keras.layers", "class_name": "Dense", "config": {"name": "dense_1", "trainable": true, "dtype": {"module": "keras", "class_name": "DTypePolicy", "config": {"name": "float32"}, "registered_name": null}, "units": 256, "activation": "linear", "use_bias": true, "kernel_initializer": {"module": "keras.initializers", "class_name": "GlorotUniform", "config": {"seed": null}, "registered_name": null}, "bias_initializer": {"module": "keras.initializers", "class_name": "Zeros", "config": {}, "registered_name": null}, "kernel_regularizer": null, "bias_regularizer": null, "kernel_constraint": null, "bias_constraint": null}, "registered_name": null, "build_config": {"input_shape": [null, 512]}}, {"module": "keras.layers", "class_name": "BatchNormalization", "config": {"name": "batch_normalization_4", "trainable": true, "dtype": {"module": "keras", "class_name": "DTypePolicy", "config": {"name": "float32"}, "registered_name": null}, "axis": -1, "momentum": 0.99, "epsilon": 0.001, "center": true, "scale": true, "beta_initializer": {"module": "keras.initializers", "class_name": "Zeros", "config": {}, "registered_name": null}, "gamma_initializer": {"module": "keras.initializers", "class_name": "Ones", "config": {}, "registered_name": null}, "moving_mean_initializer": {"module": "keras.initializers", "class_name": "Zeros", "config": {}, "registered_name": null}, "moving_variance_initializer": {"module": "keras.initializers", "class_name": "Ones", "config": {}, "registered_name": null}, "beta_regularizer": null, "gamma_regularizer": null, "beta_constraint": null, "gamma_constraint": null, "synchronized": false}, "registered_name": null, "build_config": {"input_shape": [null, 256]}}, {"module": "keras.layers", "class_name": "Activation", "config": {"name": "activation_4", "trainable": true, "dtype": {"module": "keras", "class_name": "DTypePolicy", "config": {"name": "float32"}, "registered_name": null}, "activation": "relu"}, "registered_name": null}, {"module": "keras.layers", "class_name": "Dropout", "config": {"name": "dropout_1", "trainable": true, "dtype": {"module": "keras", "class_name": "DTypePolicy", "config": {"name": "float32"}, "registered_name": null}, "rate": 0.2, "seed": null, "noise_shape": null}, "registered_name": null}, {"module": "keras.layers", "class_name": "Dense", "config": {"name": "dense_2", "trainable": true, "dtype": {"module": "keras", "class_name": "DTypePolicy", "config": {"name": "float32"}, "registered_name": null}, "units": 10, "activation": "softmax", "use_bias": true, "kernel_initializer": {"module": "keras.initializers", "class_name": "GlorotUniform", "config": {"seed": null}, "registered_name": null}, "bias_initializer": {"module": "keras.initializers", "class_name": "Zeros", "config": {}, "registered_name": null}, "kernel_regularizer": null, "bias_regularizer": null, "kernel_constraint": null, "bias_constraint": null}, "registered_name": null, "build_config": {"input_shape": [null, 256]}}], "build_input_shape": [null, 28, 28, 1]}, "registered_name": null, "build_config": {"input_shape": [null, 28, 28, 1]}, "compile_config": {"optimizer": {"module": "keras.optimizers", "class_name": "Adam", "config": {"name": "adam", "learning_rate": 0.0005000000237487257, "weight_decay": null, "clipnorm": null, "global_clipnorm": null, "clipvalue": null, "use_ema": false, "ema_momentum": 0.99, "ema_overwrite_frequency": null, "loss_scale_factor": null, "gradient_accumulation_steps": null, "beta_1": 0.9, "beta_2": 0.999, "epsilon": 1e-07, "amsgrad": false}, "registered_name": null}, "loss": "categorical_crossentropy", "loss_weights": null, "metrics": ["accuracy"], "weighted_metrics": null, "run_eagerly": false, "steps_per_execution": 1, "jit_compile": false}}